{
	"areas" : [
	  {
	  	"code_ief": 81,
	    "code_area": 90,
	    "value_area": "Commune Art Goree"
	  },
	  {
	  	"code_ief": 81,
	    "code_area": 91,
	    "value_area": "Commune Ville Dakar Plateau"
	  },
	  {
	  	"code_ief": 81,
	    "code_area": 92,
	    "value_area": "Commune Art Medina"
	  },
	  {
	  	"code_ief": 81,
	    "code_area": 93,
	    "value_area": "Commune Art Fass Gueule Tapee Col"
	  },
	  {
	  	"code_ief": 81,
	    "code_area": 94,
	    "value_area": "Commune Art Fann Point E Amitie"
	  },
	  {
	  	"code_ief": 84,
	    "code_area": 95,
	    "value_area": "Commune Art Grand Dakar"
	  },
	  {
	  	"code_ief": 84,
	    "code_area": 96,
	    "value_area": "Commune Art Biscuiterie"
	  },
	  {
	  	"code_ief": 84,
	    "code_area": 97,
	    "value_area": "Commune Art HLM"
	  },
	  {
	  	"code_ief": 84,
	    "code_area": 98,
	    "value_area": "Commune Art Hann Bel Air"
	  },
	  {
	  	"code_ief": 84,
	    "code_area": 99,
	    "value_area": "Commune Art Sicap Liberte"
	  },
	  {
	  	"code_ief": 84,
	    "code_area": 100,
	    "value_area": "Commune Art Dieuppeul Derkle"
	  },
	  {
	  	"code_ief": 31,
	    "code_area": 101,
	    "value_area": "Commune Art Ouakam"
	  },
	  {
	  	"code_ief": 31,
	    "code_area": 102,
	    "value_area": "Commune Art Ngor"
	  },
	  {
	  	"code_ief": 31,
	    "code_area": 103,
	    "value_area": "Commune Art Yoff"
	  },
	  {
	  	"code_ief": 31,
	    "code_area": 104,
	    "value_area": "Commune Art Mermoz Sacre Coeur"
	  },
	  {
	  	"code_ief": 88,
	    "code_area": 105,
	    "value_area": "Commune Art Grand Yoff"
	  },
	  {
	  	"code_ief": 88,
	    "code_area": 106,
	    "value_area": "Commune Art Patte d'Oie"
	  },
	  {
	    "code_area": 107,
	    "value_area": "Commune Art Parcelles Assainies"
	  },
	  {
	  	"code_ief": 88,
	    "code_area": 108,
	    "value_area": "Commune Art Camberene"
	  },
	  {
	  	"code_ief": 79,
	    "code_area": 109,
	    "value_area": "Commune Art Yeumbeul Nord"
	  },
	  {
	  	"code_ief": 79,
	    "code_area": 110,
	    "value_area": "Commune Art Yeumbeul Sud"
	  },
	  {
	  	"code_ief": 79,
	    "code_area": 111,
	    "value_area": "Commune Art Malika"
	  },
	  {
	  	"code_ief": 79,
	    "code_area": 112,
	    "value_area": "Commune Art Keur Massar"
	  },
	  {	
	  	"code_ief": 87,
	    "code_area": 113,
	    "value_area": "Commune Art Pikine Ouest"
	  },
	  {
	  	"code_ief": 87,
	    "code_area": 114,
	    "value_area": "Commune Art Pikine Est"
	  },
	  {
	  	"code_ief": 87,
	    "code_area": 115,
	    "value_area": "Commune Art Pikine Nord"
	  },
	  {
	  	"code_ief": 87,
	    "code_area": 116,
	    "value_area": "Commune Art Dalifort"
	  },
	  {
	  	"code_ief": 87,
	    "code_area": 117,
	    "value_area": "Commune Art Djeddah Thiaroye Kaw"
	  },
	  {
	  	"code_ief": 87,
	    "code_area": 118,
	    "value_area": "Commune Art Guinaw Rail Nord"
	  },
	  {
	  	"code_ief": 87,
	    "code_area": 119,
	    "value_area": "Commune Art Guinaw Rail Sud"
	  },
	  {
	  	"code_ief": 83,
	    "code_area": 120,
	    "value_area": "Commune Art Thiaroye sur Mer"
	  },
	  {
	  	"code_ief": 83,
	    "code_area": 121,
	    "value_area": "Commune Art Tivaouane Diaksao"
	  },
	  {
	  	"code_ief": 83,
	    "code_area": 122,
	    "value_area": "Commune Art Diamaguene Sicap Mbao"
	  },
	  {
	  	"code_ief": 83,
	    "code_area": 123,
	    "value_area": "Commune Art Thiaroye Gare"
	  },
	  {
	  	"code_ief": 83,
	    "code_area": 124,
	    "value_area": "Commune Art Mbao"
	  },
	  {
	  	"code_ief": 82,
	    "code_area": 125,
	    "value_area": "Commune Bargny"
	  },
	  {
	  	"code_ief": 82,
	    "code_area": 126,
	    "value_area": "Commune Sendou"
	  },
	  {
	  	"code_ief": 82,
	    "code_area": 127,
	    "value_area": "Commune Diamniadio"
	  },
	  {
	    "code_area": 128,
	    "value_area": "Commune Sebikotane"
	  },
	  {
	  	"code_ief": 80,
	    "code_area": 129,
	    "value_area": "Commune Jaxaay Parcelle Niakoul Rap"
	  },
	  {
	  	"code_ief": 80,
	    "code_area": 130,
	    "value_area": "Commune Sangalkam"
	  },
	  {
	  	"code_ief": 82,
	    "code_area": 131,
	    "value_area": "Commune Yene"
	  },
	  {
	  	"code_ief": 80,
	    "code_area": 132,
	    "value_area": "Commune Bambylor"
	  },
	  {
	  	"code_ief": 80,
	    "code_area": 133,
	    "value_area": "Commune Tivaouane Peulh-Niagha"
	  },
	  {
	  	"code_ief": 86,
	    "code_area": 134,
	    "value_area": "Commune Art Rufisque Nord"
	  },
	  {
	  	"code_ief": 86,
	    "code_area": 135,
	    "value_area": "Commune Art Rufisque Est"
	  },
	  {
	  	"code_ief": 86,
	    "code_area": 136,
	    "value_area": "Commune Art Rufisque Ouest"
	  },
	  {
	  	"code_ief": 85,
	    "code_area": 137,
	    "value_area": "Commune Art Golf Sud"
	  },
	  {
	  	"code_ief": 85,
	    "code_area": 138,
	    "value_area": "Commune Art Sam Notaire"
	  },
	  {
	  	"code_ief": 85,
	    "code_area": 139,
	    "value_area": "Commune Art Ndiareme Limamoulaye"
	  },
	  {
	  	"code_ief": 85,
	    "code_area": 140,
	    "value_area": "Commune Art Wakhinane Nimzatt"
	  },
	  {
	  	"code_ief": 85,
	    "code_area": 141,
	    "value_area": "Commune Art Medina Gounass"
	  },
	  {
	  	"code_ief": 32,
	    "code_area": 142,
	    "value_area": "Commune Bignona"
	  },
	  {
	  	"code_ief": 34,
	    "code_area": 143,
	    "value_area": "Commune Thionck Essyl"
	  },
	  {
	  	"code_ief": 34,
	    "code_area": 144,
	    "value_area": "Commune Diouloulou"
	  },
	  {
	  	"code_ief": 32,
	    "code_area": 145,
	    "value_area": "Commune Djibidione"
	  },
	  {
	  	"code_ief": 32,
	    "code_area": 146,
	    "value_area": "Commune Oulampane"
	  },
	  {
	  	"code_ief": 32,
	    "code_area": 147,
	    "value_area": "Commune Sindian"
	  },
	  {
	  	"code_ief": 32,
	    "code_area": 148,
	    "value_area": "Commune Suelle"
	  },
	  {
	  	"code_ief": 34,
	    "code_area": 149,
	    "value_area": "Commune Balingore"
	  },
	  {
	  	"code_ief": 34,
	    "code_area": 150,
	    "value_area": "Commune Diegoune"
	  },
	  {
	  	"code_ief": 34,
	    "code_area": 151,
	    "value_area": "Commune Karthiack"
	  },
	  {
	  	"code_ief": 34,
	    "code_area": 152,
	    "value_area": "Commune Mangagoulack"
	  },
	  {
	  	"code_ief": 34,
	    "code_area": 153,
	    "value_area": "Commune Mlomp"
	  },
	  {
	  	"code_ief": 32,
	    "code_area": 154,
	    "value_area": "Commune Coubalan"
	  },
	  {
	  	"code_ief": 32,
	    "code_area": 155,
	    "value_area": "Commune Niamone"
	  },
	  {
	  	"code_ief": 32,
	    "code_area": 156,
	    "value_area": "Commune Ouonck"
	  },
	  {
	  	"code_ief": 32,
	    "code_area": 157,
	    "value_area": "Commune Tenghory"
	  },
	  {
	  	"code_ief": 34,
	    "code_area": 158,
	    "value_area": "Commune Djiniaki"
	  },
	  {
	  	"code_ief": 34,
	    "code_area": 159,
	    "value_area": "Commune Kafountine"
	  },
	  {
	  	"code_ief": 34,
	    "code_area": 160,
	    "value_area": "Commune Kataba 1"
	  },
	  {
	  	"code_ief": 35,
	    "code_area": 161,
	    "value_area": "Commune Oussouye"
	  },
	  {
	  	"code_ief": 35,
	    "code_area": 162,
	    "value_area": "Commune Diembering"
	  },
	  {
	  	"code_ief": 35,
	    "code_area": 163,
	    "value_area": "Commune Santhiaba Mandjack"
	  },
	  {
	  	"code_ief": 35,
	    "code_area": 164,
	    "value_area": "Commune Oukout"
	  },
	  {
	  	"code_ief": 33,
	    "code_area": 165,
	    "value_area": "Commune Ziguinchor"
	  },
	  {	
	  	"code_ief": 33,
	    "code_area": 166,
	    "value_area": "Commune Adeane"
	  },
	  {
	  	"code_ief": 33,
	    "code_area": 167,
	    "value_area": "Commune Boutoupa Cam"
	  },
	  {
	  	"code_ief": 33,
	    "code_area": 168,
	    "value_area": "Commune Niaguis"
	  },
	  {
	  	"code_ief": 33,
	    "code_area": 169,
	    "value_area": "Commune Enampor"
	  },
	  {
	  	"code_ief": 33,
	    "code_area": 170,
	    "value_area": "Commune Niassia"
	  },
	  {
	  	"code_ief": 55,
	    "code_area": 171,
	    "value_area": "Commune Bambey"
	  },
	  {
	  	"code_ief": 55,
	    "code_area": 172,
	    "value_area": "Commune Baba Garage"
	  },
	  {
	    "code_area": 173,
	    "value_area": "Commune Dinguiraye"
	  },
	  {
	  	"code_ief": 55,
	    "code_area": 174,
	    "value_area": "Commune Keur Samba Kane"
	  },
	  {
	    "code_area": 175,
	    "value_area": "Commune Gawane"
	  },
	  {
	  	"code_ief": 55,
	    "code_area": 176,
	    "value_area": "Commune Lambaye"
	  },
	  {
	    "code_area": 177,
	    "value_area": "Commune Ngogom"
	  },
	  {
	  	"code_ief": 55,
	    "code_area": 178,
	    "value_area": "Commune Refane"
	  },
	  {
	  	"code_ief": 55,
	    "code_area": 179,
	    "value_area": "Commune Dangalma"
	  },
	  {
	    "code_area": 180,
	    "value_area": "Commune Ndondol"
	  },
	  {
	  	"code_ief": 55,
	    "code_area": 181,
	    "value_area": "Commune Ngoye"
	  },
	  {
	  	"code_ief": 55,
	    "code_area": 182,
	    "value_area": "Commune Thiakar"
	  },
	  {
	  	"code_ief": 57,
	    "code_area": 183,
	    "value_area": "Commune Diourbel"
	  },
	  {
	  	"code_ief": 57,
	    "code_area": 184,
	    "value_area": "Commune Dankh Sene"
	  },
	  {
	    "code_area": 185,
	    "value_area": "Commune Gade escale"
	  },
	  {
	  	"code_ief": 57,
	    "code_area": 186,
	    "value_area": "Commune Ndindi"
	  },
	  {
	  	"code_ief": 57,
	    "code_area": 187,
	    "value_area": "Commune Taiba Moutoupha"
	  },
	  {
	  	"code_ief": 57,
	    "code_area": 188,
	    "value_area": "Commune Keur Ngalgou"
	  },
	  {
	    "code_area": 189,
	    "value_area": "Commune Touba Lappe"
	  },
	  {
	  	"code_ief": 57,
	    "code_area": 190,
	    "value_area": "Commune Ndoulo"
	  },
	  {
	  	"code_ief": 57,
	    "code_area": 191,
	    "value_area": "Commune Ngohe"
	  },
	  {
	  	"code_ief": 57,
	    "code_area": 192,
	    "value_area": "Commune Pattar"
	  },
	  {
	    "code_area": 193,
	    "value_area": "Commune Tocky Gare"
	  },
	  {
	  	"code_ief": 57,
	    "code_area": 194,
	    "value_area": "Commune Toure Mbonde"
	  },
	  {
	  	"code_ief": 56,
	    "code_area": 195,
	    "value_area": "Commune Mbacke"
	  },
	  {
	    "code_area": 196,
	    "value_area": "Commune Dandeye Gouye Gui"
	  },
	  {
	    "code_area": 197,
	    "value_area": "Commune Darou Salam Typ"
	  },
	  {
	  	"code_ief": 56,
	    "code_area": 198,
	    "value_area": "Commune Kael"
	  },
	  {
	  	"code_ief": 56,
	    "code_area": 199,
	    "value_area": "Commune Madina"
	  },
	  {
	    "code_area": 200,
	    "value_area": "Commune Ndioumane T Thiekene"
	  },
	  {
	  	"code_ief": 56,
	    "code_area": 201,
	    "value_area": "Commune Touba Mboul"
	  },
	  {
	  	"code_ief": 56,
	    "code_area": 202,
	    "value_area": "Commune Darou Nahim"
	  },
	  {
	  	"code_ief": 56,
	    "code_area": 203,
	    "value_area": "Commune Taiba Tieckene"
	  },
	  {
	  	"code_ief": 56,
	    "code_area": 204,
	    "value_area": "Commune Dalla Ngabou"
	  },
	  {
	  	"code_ief": 70,
	    "code_area": 205,
	    "value_area": "Commune Missirah"
	  },
	  {
	  	"code_ief": 56,
	    "code_area": 206,
	    "value_area": "Commune Nghaye"
	  },
	  {
	  	"code_ief": 56,
	    "code_area": 207,
	    "value_area": "Commune Touba Fall"
	  },
	  {
	  	"code_ief": 56,
	    "code_area": 208,
	    "value_area": "Commune Touba Mosquee"
	  },
	  {
	  	"code_ief": 56,
	    "code_area": 209,
	    "value_area": "Commune Sadio"
	  },
	  {
	  	"code_ief": 56,
	    "code_area": 210,
	    "value_area": "Commune Taif"
	  },
	  {
	  	"code_ief": 66,
	    "code_area": 211,
	    "value_area": "Commune Dagana"
	  },
	  {
	  	"code_ief": 66,
	    "code_area": 212,
	    "value_area": "Commune Richard Toll"
	  },
	  {
	  	"code_ief": 66,
	    "code_area": 213,
	    "value_area": "Commune Ross Bethio"
	  },
	  {
	  	"code_ief": 66,
	    "code_area": 214,
	    "value_area": "Commune Rosso Senegal"
	  },
	  {
	  	"code_ief": 66,
	    "code_area": 215,
	    "value_area": "Commune Gae"
	  },
	  {
	  	"code_ief": 66,
	    "code_area": 216,
	    "value_area": "Commune Ndombo Sandjiry"
	  },
	  {
	  	"code_ief": 66,
	    "code_area": 217,
	    "value_area": "Commune Mbane"
	  },
	  {
	  	"code_ief": 66,
	    "code_area": 218,
	    "value_area": "Commune Mbokhol"
	  },
	  {
	  	"code_ief": 66,
	    "code_area": 219,
	    "value_area": "Commune Diama"
	  },
	  {
	  	"code_ief": 66,
	    "code_area": 220,
	    "value_area": "Commune Ngnith"
	  },
	  {
	  	"code_ief": 66,
	    "code_area": 221,
	    "value_area": "Commune Ronkh"
	  },
	  {
	  	"code_ief": 89,
	    "code_area": 222,
	    "value_area": "Commune Podor"
	  },
	  {
	  	"code_ief": 89,
	    "code_area": 223,
	    "value_area": "Commune Ndioum"
	  },
	  {
	  	"code_ief": 89,
	    "code_area": 224,
	    "value_area": "Commune Gollere"
	  },
	  {
	  	"code_ief": 89,
	    "code_area": 225,
	    "value_area": "Commune NDiandane"
	  },
	  {
	  	"code_ief": 89,
	    "code_area": 226,
	    "value_area": "Commune Bode Lao"
	  },
	  {
	  	"code_ief": 89,
	    "code_area": 227,
	    "value_area": "Commune Demette"
	  },
	  {
	  	"code_ief": 89,
	    "code_area": 228,
	    "value_area": "Commune Galloya Toucouleur"
	  },
	  {
	  	"code_ief": 89,
	    "code_area": 229,
	    "value_area": "Commune Guede Chantier"
	  },
	  {
	    "code_area": 230,
	    "value_area": "Commune Mboumba"
	  },
	  {
	  	"code_ief": 89,
	    "code_area": 231,
	    "value_area": "Commune Aere Lao"
	  },
	  {
	  	"code_ief": 89,
	    "code_area": 232,
	    "value_area": "Commune Pete"
	  },
	  {
	    "code_area": 233,
	    "value_area": "Commune Walalde"
	  },
	  {
	  	"code_ief": 89,
	    "code_area": 234,
	    "value_area": "Commune Madina Ndiatbe"
	  },
	  {
	  	"code_ief": 89,
	    "code_area": 235,
	    "value_area": "Commune Doumga Lao"
	  },
	  {
	  	"code_ief": 89,
	    "code_area": 236,
	    "value_area": "Commune Meri"
	  },
	  {
	    "code_area": 237,
	    "value_area": "Commune Boke Dialloube"
	  },
	  {
	  	"code_ief": 89,
	    "code_area": 238,
	    "value_area": "Commune Mbollo Birane"
	  },
	  {
	  	"code_ief": 89,
	    "code_area": 239,
	    "value_area": "Commune Fanaye"
	  },
	  {
	  	"code_ief": 89,
	    "code_area": 240,
	    "value_area": "Commune Ndiayene Peindao"
	  },
	  {
	    "code_area": 241,
	    "value_area": "Commune Dodel"
	  },
	  {
	  	"code_ief": 89,
	    "code_area": 242,
	    "value_area": "Commune Guede Village"
	  },
	  {
	  	"code_ief": 89,
	    "code_area": 243,
	    "value_area": "Commune Gamadji Sare"
	  },
	  {
	  	"code_ief": 65,
	    "code_area": 244,
	    "value_area": "Commune St Louis"
	  },
	  {
	  	"code_ief": 64,
	    "code_area": 245,
	    "value_area": "Commune Mpal"
	  },
	  {
	  	"code_ief": 64,
	    "code_area": 246,
	    "value_area": "Commune Fass Ngom"
	  },
	  {
	  	"code_ief": 64,
	    "code_area": 247,
	    "value_area": "Commune Gandon"
	  },
	  {
	  	"code_ief": 64,
	    "code_area": 248,
	    "value_area": "Commune Ndiebene Gandiol"
	  },
	  {
	  	"code_ief": 67,
	    "code_area": 249,
	    "value_area": "Commune Bakel"
	  },
	  {
	  	"code_ief": 67,
	    "code_area": 250,
	    "value_area": "Commune Diawara"
	  },
	  {
	  	"code_ief": 67,
	    "code_area": 251,
	    "value_area": "Commune Kidira"
	  },
	  {
	  	"code_ief": 67,
	    "code_area": 252,
	    "value_area": "Commune Gathiari"
	  },
	  {
	  	"code_ief": 67,
	    "code_area": 253,
	    "value_area": "Commune Madina Foulbe"
	  },
	  {
	  	"code_ief": 67,
	    "code_area": 254,
	    "value_area": "Commune Sadatou"
	  },
	  {
	    "code_area": 255,
	    "value_area": "Commune Toumboura"
	  },
	  {
	  	"code_ief": 67,
	    "code_area": 256,
	    "value_area": "Commune Bele"
	  },
	  {
	  	"code_ief": 67,
	    "code_area": 257,
	    "value_area": "Commune Sinthiou Fissa"
	  },
	  {
	  	"code_ief": 67,
	    "code_area": 258,
	    "value_area": "Commune Ballou"
	  },
	  {	
	  	"code_ief": 67,
	    "code_area": 259,
	    "value_area": "Commune Gabou"
	  },
	  {
	  	"code_ief": 67,
	    "code_area": 260,
	    "value_area": "Commune Mouderi"
	  },
	  {
	  	"code_ief": 69,
	    "code_area": 261,
	    "value_area": "Commune Goudiry"
	  },
	  {
	  	"code_ief": 69,
	    "code_area": 262,
	    "value_area": "Commune Kothiary"
	  },
	  {
	  	"code_ief": 69,
	    "code_area": 263,
	    "value_area": "Commune Bala"
	  },
	  {
	  	"code_ief": 69,
	    "code_area": 264,
	    "value_area": "Commune Goumbayel"
	  },
	  {
	  	"code_ief": 69,
	    "code_area": 265,
	    "value_area": "Commune Koar"
	  },
	  {
	  	"code_ief": 69,
	    "code_area": 266,
	    "value_area": "Commune Dougue"
	  },
	  {
	  	"code_ief": 69,
	    "code_area": 267,
	    "value_area": "Commune Boynguel Bamba"
	  },
	  {
	  	"code_ief": 69,
	    "code_area": 268,
	    "value_area": "Commune Koussan"
	  },
	  {
	  	"code_ief": 69,
	    "code_area": 269,
	    "value_area": "Commune Sinthiou Mamadou Boubou"
	  },
	  {
	  	"code_ief": 69,
	    "code_area": 270,
	    "value_area": "Commune Bani Israel"
	  },
	  {
	  	"code_ief": 69,
	    "code_area": 271,
	    "value_area": "Commune Boutoucoufara"
	  },
	  {	
	  	"code_ief": 69,
	    "code_area": 272,
	    "value_area": "Commune Dianke Makha"
	  },
	  {
	  	"code_ief": 69,
	    "code_area": 273,
	    "value_area": "Commune Komoti"
	  },
	  {
	  	"code_ief": 69,
	    "code_area": 274,
	    "value_area": "Commune Koulor"
	  },
	  {
	  	"code_ief": 69,
	    "code_area": 275,
	    "value_area": "Commune Sinthiou Bocar Ali"
	  },
	  {
	  	"code_ief": 68,
	    "code_area": 276,
	    "value_area": "Commune Koumpentoun"
	  },
	  {
	  	"code_ief": 68,
	    "code_area": 277,
	    "value_area": "Commune Malem Niani"
	  },
	  {
	  	"code_ief": 68,
	    "code_area": 278,
	    "value_area": "Commune Bamba Thialene"
	  },
	  {
	  	"code_ief": 68,
	    "code_area": 279,
	    "value_area": "Commune Kahel"
	  },
	  {
	  	"code_ief": 68,
	    "code_area": 280,
	    "value_area": "Commune Mereto"
	  },
	  {
	  	"code_ief": 68,
	    "code_area": 281,
	    "value_area": "Commune Ndame"
	  },
	  {
	    "code_area": 282,
	    "value_area": "Commune Kouthia Gaydi"
	  },
	  {
	  	"code_ief": 68,
	    "code_area": 283,
	    "value_area": "Commune Kouthiaba Wolof"
	  },
	  {
	  	"code_ief": 68,
	    "code_area": 284,
	    "value_area": "Commune Pass Koto"
	  },
	  {
	  	"code_ief": 68,
	    "code_area": 285,
	    "value_area": "Commune Payar"
	  },
	  {
	  	"code_ief": 70,
	    "code_area": 286,
	    "value_area": "Commune Tamba"
	  },
	  {
	  	"code_ief": 70,
	    "code_area": 287,
	    "value_area": "Commune Koussanar"
	  },
	  {
	  	"code_ief": 70,
	    "code_area": 288,
	    "value_area": "Commune Sinthiou Malene"
	  },
	  {
	  	"code_ief": 70,
	    "code_area": 289,
	    "value_area": "Commune Maka"
	  },
	  {
	  	"code_ief": 70,
	    "code_area": 290,
	    "value_area": "Commune Ndoga Babacar"
	  },
	  {
	    "code_area": 291,
	    "value_area": "Commune Niani Toucouleur"
	  },
	  {
	  	"code_ief": 70,
	    "code_area": 292,
	    "value_area": "Commune Dialokoto"
	  },
	  {
	  	"code_ief": 70,
	    "code_area": 293,
	    "value_area": "Commune Netteboulou"
	  },
	  {
	  	"code_ief": 54,
	    "code_area": 294,
	    "value_area": "Commune Guinguineo"
	  },
	  {
	  	"code_ief": 54,
	    "code_area": 295,
	    "value_area": "Commune Fass"
	  },
	  {
	  	"code_ief": 54,
	    "code_area": 296,
	    "value_area": "Commune Mboss"
	  },
	  {
	  	"code_ief": 54,
	    "code_area": 297,
	    "value_area": "Commune Mbadakhoune"
	  },
	  {
	  	"code_ief": 54,
	    "code_area": 298,
	    "value_area": "Commune Ndiago"
	  },
	  {
	  	"code_ief": 54,
	    "code_area": 299,
	    "value_area": "Commune Ngathie Naoude"
	  },
	  {
	  	"code_ief": 54,
	    "code_area": 300,
	    "value_area": "Commune Khelcom Birame"
	  },
	  {
	    "code_area": 301,
	    "value_area": "Commune Gagnick"
	  },
	  {
	  	"code_ief": 54,
	    "code_area": 302,
	    "value_area": "Commune Nguelou"
	  },
	  {
	    "code_area": 303,
	    "value_area": "Commune Ourour"
	  },
	  {
	  	"code_ief": 54,
	    "code_area": 304,
	    "value_area": "Commune Dara Mboss"
	  },
	  {
	    "code_area": 305,
	    "value_area": "Commune Panal ouolof"
	  },
	  {
	  	"code_ief": 51,
	    "code_area": 306,
	    "value_area": "Commune Kaolack"
	  },
	  {
	    "code_area": 307,
	    "value_area": "Commune Kahone"
	  },
	  {
	  	"code_ief": 53,
	    "code_area": 308,
	    "value_area": "Commune Gandiaye"
	  },
	  {
	  	"code_ief": 53,
	    "code_area": 309,
	    "value_area": "Commune Ndoffane"
	  },
	  {
	  	"code_ief": 53,
	    "code_area": 310,
	    "value_area": "Commune Sibassor"
	  },
	  {
	  	"code_ief": 53,
	    "code_area": 311,
	    "value_area": "Commune Keur Soce"
	  },
	  {
	  	"code_ief": 53,
	    "code_area": 312,
	    "value_area": "Commune Ndiafate"
	  },
	  {
	  	"code_ief": 53,
	    "code_area": 313,
	    "value_area": "Commune Ndiendieng"
	  },
	  {
	  	"code_ief": 53,
	    "code_area": 314,
	    "value_area": "Commune Latmingue"
	  },
	  {
	    "code_area": 315,
	    "value_area": "Commune Thiare"
	  },
	  {
	  	"code_ief": 53,
	    "code_area": 316,
	    "value_area": "Commune Keur Baka"
	  },
	  {
	  	"code_ief": 53,
	    "code_area": 317,
	    "value_area": "Commune Thiomby"
	  },
	  {
	    "code_area": 318,
	    "value_area": "Commune Ndiebel"
	  },
	  {
	  	"code_ief": 53,
	    "code_area": 319,
	    "value_area": "Commune Dya"
	  },
	  {
	  	"code_ief": 52,
	    "code_area": 320,
	    "value_area": "Commune Nioro"
	  },
	  {
	  	"code_ief": 52,
	    "code_area": 321,
	    "value_area": "Commune Keur Madiabel"
	  },
	  {
	    "code_area": 322,
	    "value_area": "Commune Kayemor"
	  },
	  {
	  	"code_ief": 52,
	    "code_area": 323,
	    "value_area": "Commune Madina Sabakh"
	  },
	  {
	    "code_area": 324,
	    "value_area": "Commune Ngay횧ne"
	  },
	  {
	    "code_area": 325,
	    "value_area": "Commune Gainte Kaye"
	  },
	  {
	  	"code_ief": 52,
	    "code_area": 326,
	    "value_area": "Commune Paoskoto"
	  },
	  {
	  	"code_ief": 52,
	    "code_area": 327,
	    "value_area": "Commune Prokhane"
	  },
	  {
	  	"code_ief": 52,
	    "code_area": 328,
	    "value_area": "Commune Taiba Niass횧ne"
	  },
	  {
	  	"code_ief": 52,
	    "code_area": 329,
	    "value_area": "Commune Dabaly"
	  },
	  {
	  	"code_ief": 52,
	    "code_area": 330,
	    "value_area": "Commune Darou Salam"
	  },
	  {
	  	"code_ief": 52,
	    "code_area": 331,
	    "value_area": "Commune Keur Maba Diakhou"
	  },
	  {
	  	"code_ief": 52,
	    "code_area": 332,
	    "value_area": "Commune Ndrame Escale"
	  },
	  {
	  	"code_ief": 52,
	    "code_area": 333,
	    "value_area": "Commune Wack Ngouna"
	  },
	  {
	  	"code_ief": 52,
	    "code_area": 334,
	    "value_area": "Commune Keur Mandongo"
	  },
	  {
	  	"code_ief": 40,
	    "code_area": 335,
	    "value_area": "Commune Joal"
	  },
	  {
	  	"code_ief": 38,
	    "code_area": 336,
	    "value_area": "Commune Mbour"
	  },
	  {
	  	"code_ief": 38,
	    "code_area": 337,
	    "value_area": "Commune Nguekhokh"
	  },
	  {
	  	"code_ief": 40,
	    "code_area": 338,
	    "value_area": "Commune Thiadiaye"
	  },
	  {
	  	"code_ief": 38,
	    "code_area": 339,
	    "value_area": "Commune Ngaparou"
	  },
	  {
	  	"code_ief": 38,
	    "code_area": 340,
	    "value_area": "Commune Popenguine"
	  },
	  {
	  	"code_ief": 38,
	    "code_area": 341,
	    "value_area": "Commune Saly"
	  },
	  {
	  	"code_ief": 38,
	    "code_area": 342,
	    "value_area": "Commune Somone"
	  },
	  {
	  	"code_ief": 40,
	    "code_area": 343,
	    "value_area": "Commune Fissel"
	  },
	  {
	  	"code_ief": 40,
	    "code_area": 344,
	    "value_area": "Commune Ndiaganiao"
	  },
	  {
	  	"code_ief": 40,
	    "code_area": 345,
	    "value_area": "Commune Ngueniene"
	  },
	  {
	  	"code_ief": 40,
	    "code_area": 346,
	    "value_area": "Commune Sandiara"
	  },
	  {
	  	"code_ief": 40,
	    "code_area": 347,
	    "value_area": "Commune Sessene"
	  },
	  {	
	  	"code_ief": 38,
	    "code_area": 348,
	    "value_area": "Commune Malicounda"
	  },
	  {
	  	"code_ief": 38,
	    "code_area": 349,
	    "value_area": "Commune Diass"
	  },
	  {
	  	"code_ief": 38,
	    "code_area": 350,
	    "value_area": "Commune Sindia"
	  },
	  {
	  	"code_ief": 37,
	    "code_area": 351,
	    "value_area": "Commune Pout"
	  },
	  {
	  	"code_ief": 37,
	    "code_area": 352,
	    "value_area": "Commune Khombole"
	  },
	  {
	  	"code_ief": 37,
	    "code_area": 353,
	    "value_area": "Commune Kayar"
	  },
	  {
	  	"code_ief": 37,
	    "code_area": 354,
	    "value_area": "Commune Notto"
	  },
	  {
	  	"code_ief": 37,
	    "code_area": 355,
	    "value_area": "Commune Tassette"
	  },
	  {
	  	"code_ief": 37,
	    "code_area": 356,
	    "value_area": "Commune Ndieyene Sirah"
	  },
	  {
	  	"code_ief": 37,
	    "code_area": 357,
	    "value_area": "Commune Ngoudiane"
	  },
	  {
	  	"code_ief": 37,
	    "code_area": 358,
	    "value_area": "Commune Thienaba"
	  },
	  {
	  	"code_ief": 37,
	    "code_area": 359,
	    "value_area": "Commune Touba Toul"
	  },
	  {
	  	"code_ief": 37,
	    "code_area": 360,
	    "value_area": "Commune Diender Guedji"
	  },
	  {
	  	"code_ief": 37,
	    "code_area": 361,
	    "value_area": "Commune Fandene"
	  },
	  {
	  	"code_ief": 37,
	    "code_area": 362,
	    "value_area": "Commune Keur Moussa"
	  },
	  {
	  	"code_ief": 36,
	    "code_area": 363,
	    "value_area": "Commune Art Thies Nord"
	  },
	  {
	  	"code_ief": 36,
	    "code_area": 364,
	    "value_area": "Commune Art Thies Est"
	  },
	  {
	  	"code_ief": 36,
	    "code_area": 365,
	    "value_area": "Commune Art Thies Ouest"
	  },
	  {
	  	"code_ief": 39,
	    "code_area": 366,
	    "value_area": "Commune Mekhe"
	  },
	  {
	  	"code_ief": 39,
	    "code_area": 367,
	    "value_area": "Commune Tivaouane"
	  },
	  {
	  	"code_ief": 39,
	    "code_area": 368,
	    "value_area": "Commune MBoro"
	  },
	  {
	  	"code_ief": 39,
	    "code_area": 369,
	    "value_area": "Commune Meouane"
	  },
	  {
	  	"code_ief": 39,
	    "code_area": 370,
	    "value_area": "Commune Daroukhoudoss"
	  },
	  {
	  	"code_ief": 39,
	    "code_area": 371,
	    "value_area": "Commune Taiba Ndiaye"
	  },
	  {
	  	"code_ief": 39,
	    "code_area": 372,
	    "value_area": "Commune Koul"
	  },
	  {
	  	"code_ief": 39,
	    "code_area": 373,
	    "value_area": "Commune Merina Dakhar"
	  },
	  {
	  	"code_ief": 39,
	    "code_area": 374,
	    "value_area": "Commune Pekesse"
	  },
	  {
	  	"code_ief": 39,
	    "code_area": 375,
	    "value_area": "Commune Mbayene"
	  },
	  {
	  	"code_ief": 39,
	    "code_area": 376,
	    "value_area": "Commune Ngandiouf"
	  },
	  {
	  	"code_ief": 39,
	    "code_area": 377,
	    "value_area": "Commune Niakhene"
	  },
	  {
	  	"code_ief": 39,
	    "code_area": 378,
	    "value_area": "Commune Thilmakha"
	  },
	  {
	  	"code_ief": 39,
	    "code_area": 379,
	    "value_area": "Commune Cherif LO"
	  },
	  {
	  	"code_ief": 39,
	    "code_area": 380,
	    "value_area": "Commune Mont Rolland"
	  },
	  {
	  	"code_ief": 39,
	    "code_area": 381,
	    "value_area": "Commune Notto Gouye Diama"
	  },
	  {
	  	"code_ief": 39,
	    "code_area": 382,
	    "value_area": "Commune Pire Goureye"
	  },
	  {
	  	"code_ief": 39,
	    "code_area": 383,
	    "value_area": "Commune Pambal"
	  },
	  {
	  	"code_ief": 62,
	    "code_area": 384,
	    "value_area": "Commune Kebemer"
	  },
	  {
	  	"code_ief": 62,
	    "code_area": 385,
	    "value_area": "Commune Gueoul"
	  },
	  {
	  	"code_ief": 62,
	    "code_area": 386,
	    "value_area": "Commune darou Marnane"
	  },
	  {
	  	"code_ief": 62,
	    "code_area": 387,
	    "value_area": "Commune Darou Mousty"
	  },
	  {
	  	"code_ief": 62,
	    "code_area": 388,
	    "value_area": "Commune Mbacke Cadior"
	  },
	  {
	  	"code_ief": 62,
	    "code_area": 389,
	    "value_area": "Commune Ndoy횧ne"
	  },
	  {
	  	"code_ief": 62,
	    "code_area": 390,
	    "value_area": "Commune Mbadiane"
	  },
	  {
	  	"code_ief": 62,
	    "code_area": 391,
	    "value_area": "Commune Sam Yabal"
	  },
	  {
	  	"code_ief": 62,
	    "code_area": 392,
	    "value_area": "Commune Touba Merina"
	  },
	  {
	  	"code_ief": 62,
	    "code_area": 393,
	    "value_area": "Commune Bandegne Ouolof"
	  },
	  {
	  	"code_ief": 62,
	    "code_area": 394,
	    "value_area": "Commune Diokoul Diawrigne"
	  },
	  {
	  	"code_ief": 62,
	    "code_area": 395,
	    "value_area": "Commune Kab Gaye"
	  },
	  {
	  	"code_ief": 62,
	    "code_area": 396,
	    "value_area": "Commune Ndande"
	  },
	  {
	    "code_area": 397,
	    "value_area": "Commune Thiepe"
	  },
	  {
	  	"code_ief": 62,
	    "code_area": 398,
	    "value_area": "Commune Kanene Ndiob"
	  },
	  {
	  	"code_ief": 62,
	    "code_area": 399,
	    "value_area": "Commune Loro"
	  },
	  {
	  	"code_ief": 62,
	    "code_area": 400,
	    "value_area": "Commune Sagatta Gueth"
	  },
	  {
	  	"code_ief": 62,
	    "code_area": 401,
	    "value_area": "Commune Thiolom Fall"
	  },
	  {
	  	"code_ief": 62,
	    "code_area": 402,
	    "value_area": "Commune Ngourane Ouolof"
	  },
	  {
	  	"code_ief": 77,
	    "code_area": 403,
	    "value_area": "Commune Lingu횧re"
	  },
	  {
	  	"code_ief": 77,
	    "code_area": 404,
	    "value_area": "Commune Dahra"
	  },
	  {
	  	"code_ief": 77,
	    "code_area": 405,
	    "value_area": "Commune Mbeuleukhe"
	  },
	  {
	  	"code_ief": 77,
	    "code_area": 406,
	    "value_area": "Commune Barkedji"
	  },
	  {
	  	"code_ief": 77,
	    "code_area": 407,
	    "value_area": "Commune Gassane"
	  },
	  {
	  	"code_ief": 77,
	    "code_area": 408,
	    "value_area": "Commune Thiargny"
	  },
	  {
	  	"code_ief": 77,
	    "code_area": 409,
	    "value_area": "Commune Thiel"
	  },
	  {
	    "code_area": 410,
	    "value_area": "Commune Dodji"
	  },
	  {
	  	"code_ief": 77,
	    "code_area": 411,
	    "value_area": "Commune Lagbar"
	  },
	  {	
	  	"code_ief": 77,
	    "code_area": 412,
	    "value_area": "Commune Ouarkhokh"
	  },
	  {
	  	"code_ief": 77,
	    "code_area": 413,
	    "value_area": "Commune Kambe"
	  },
	  {
	  	"code_ief": 77,
	    "code_area": 414,
	    "value_area": "Commune Mboula"
	  },
	  {
	  	"code_ief": 77,
	    "code_area": 415,
	    "value_area": "Commune Yang Yang"
	  },
	  {	
	  	"code_ief": 77,
	    "code_area": 416,
	    "value_area": "Commune Tessekere Forage"
	  },
	  {
	  	"code_ief": 77,
	    "code_area": 417,
	    "value_area": "Commune Boulal"
	  },
	  {
	  	"code_ief": 77,
	    "code_area": 418,
	    "value_area": "Commune Dealy"
	  },
	  {
	  	"code_ief": 77,
	    "code_area": 419,
	    "value_area": "Commune Sagatta Djolof"
	  },
	  {
	  	"code_ief": 77,
	    "code_area": 420,
	    "value_area": "Commune Thiamene Pase"
	  },
	  {
	  	"code_ief": 61,
	    "code_area": 421,
	    "value_area": "Commune Affe Djolof"
	  },
	  {
	  	"code_ief": 61,
	    "code_area": 422,
	    "value_area": "Commune Louga"
	  },
	  {
	  	"code_ief": 61,
	    "code_area": 423,
	    "value_area": "Commune Ndiagne"
	  },
	  {
	  	"code_ief": 61,
	    "code_area": 424,
	    "value_area": "Commune Koki"
	  },
	  {
	  	"code_ief": 61,
	    "code_area": 425,
	    "value_area": "Commune Pete Ouarack"
	  },
	  {
	  	"code_ief": 61,
	    "code_area": 426,
	    "value_area": "Commune Thiamene Cayor"
	  },
	  {
	  	"code_ief": 61,
	    "code_area": 427,
	    "value_area": "Commune Guet Ardo"
	  },
	  {
	  	"code_ief": 61,
	    "code_area": 428,
	    "value_area": "Commune Gande"
	  },
	  {
	  	"code_ief": 61,
	    "code_area": 429,
	    "value_area": "Commune Keur Momar Sarr"
	  },
	  {
	  	"code_ief": 61,
	    "code_area": 430,
	    "value_area": "Commune Nguer Malal"
	  },
	  {
	  	"code_ief": 61,
	    "code_area": 431,
	    "value_area": "Commune Syer"
	  },
	  {
	  	"code_ief": 61,
	    "code_area": 432,
	    "value_area": "Commune Kelle Gueye"
	  },
	  {
	  	"code_ief": 61,
	    "code_area": 433,
	    "value_area": "Commune Mbediene"
	  },
	  {
	  	"code_ief": 61,
	    "code_area": 434,
	    "value_area": "Commune Nguidile"
	  },
	  {
	  	"code_ief": 61,
	    "code_area": 435,
	    "value_area": "Commune Niomre"
	  },
	  {
	  	"code_ief": 61,
	    "code_area": 436,
	    "value_area": "Commune Leona"
	  },
	  {
	  	"code_ief": 61,
	    "code_area": 437,
	    "value_area": "Commune Ngueune Sarr"
	  },
	  {
	  	"code_ief": 61,
	    "code_area": 438,
	    "value_area": "Commune Sakal"
	  },
	  {
	  	"code_ief": 46,
	    "code_area": 439,
	    "value_area": "Commune Fatick"
	  },
	  {
	  	"code_ief": 47,
	    "code_area": 440,
	    "value_area": "Commune Diofior"
	  },
	  {
	  	"code_ief": 46,
	    "code_area": 441,
	    "value_area": "Commune Diakhao"
	  },
	  {
	  	"code_ief": 46,
	    "code_area": 442,
	    "value_area": "Commune Diaoule"
	  },
	  {
	  	"code_ief": 46,
	    "code_area": 443,
	    "value_area": "Commune Mbellacadiao"
	  },
	  {
	  	"code_ief": 46,
	    "code_area": 444,
	    "value_area": "Commune Ndiob"
	  },
	  {
	  	"code_ief": 46,
	    "code_area": 445,
	    "value_area": "Commune Thiare Ndiagui"
	  },
	  {
	  	"code_ief": 47,
	    "code_area": 446,
	    "value_area": "Commune Fimela"
	  },
	  {
	  	"code_ief": 47,
	    "code_area": 447,
	    "value_area": "Commune Loul Sessene"
	  },
	  {
	  	"code_ief": 47,
	    "code_area": 448,
	    "value_area": "Commune Palmarin Facao"
	  },
	  {
	  	"code_ief": 47,
	    "code_area": 449,
	    "value_area": "Commune Djilass"
	  },
	  {
	  	"code_ief": 46,
	    "code_area": 450,
	    "value_area": "Commune Ngayokhene"
	  },
	  {
	  	"code_ief": 46,
	    "code_area": 451,
	    "value_area": "Commune Niakhar"
	  },
	  {
	  	"code_ief": 46,
	    "code_area": 452,
	    "value_area": "Commune Patar"
	  },
	  {
	  	"code_ief": 47,
	    "code_area": 453,
	    "value_area": "Commune Diarere"
	  },
	  {
	  	"code_ief": 47,
	    "code_area": 454,
	    "value_area": "Commune Diouroup"
	  },
	  {
	  	"code_ief": 47,
	    "code_area": 455,
	    "value_area": "Commune Tattaguine"
	  },
	  {
	  	"code_ief": 44,
	    "code_area": 456,
	    "value_area": "Commune Foundiougne"
	  },
	  {
	  	"code_ief": 44,
	    "code_area": 457,
	    "value_area": "Commune Sokone"
	  },
	  {
	  	"code_ief": 44,
	    "code_area": 458,
	    "value_area": "Commune Passy"
	  },
	  {
	  	"code_ief": 44,
	    "code_area": 459,
	    "value_area": "Commune Karang Poste"
	  },
	  {
	  	"code_ief": 44,
	    "code_area": 460,
	    "value_area": "Commune Soum"
	  },
	  {
	  	"code_ief": 44,
	    "code_area": 461,
	    "value_area": "Commune Djilor"
	  },
	  {
	  	"code_ief": 44,
	    "code_area": 462,
	    "value_area": "Commune Diossong"
	  },
	  {
	  	"code_ief": 44,
	    "code_area": 463,
	    "value_area": "Commune Mbar"
	  },
	  {
	  	"code_ief": 44,
	    "code_area": 464,
	    "value_area": "Commune Diagane Barka"
	  },
	  {
	  	"code_ief": 44,
	    "code_area": 465,
	    "value_area": "Commune Mbam"
	  },
	  {
	  	"code_ief": 44,
	    "code_area": 466,
	    "value_area": "Commune Niassene"
	  },
	  {
	  	"code_ief": 44,
	    "code_area": 467,
	    "value_area": "Commune Bassoul"
	  },
	  {
	  	"code_ief": 44,
	    "code_area": 468,
	    "value_area": "Commune Dionewar"
	  },
	  {
	  	"code_ief": 44,
	    "code_area": 469,
	    "value_area": "Commune Djirnda"
	  },
	  {
	  	"code_ief": 44,
	    "code_area": 470,
	    "value_area": "Commune Keur Saloum Diane"
	  },
	  {
	  	"code_ief": 44,
	    "code_area": 471,
	    "value_area": "Commune Keur Samba Gueye"
	  },
	  {
	  	"code_ief": 44,
	    "code_area": 472,
	    "value_area": "Commune Nioro Alassane Tall"
	  },
	  {
	  	"code_ief": 44,
	    "code_area": 473,
	    "value_area": "Commune Toubacouta"
	  },
	  {
	  	"code_ief": 45,
	    "code_area": 474,
	    "value_area": "Commune Gossas"
	  },
	  {
	  	"code_ief": 45,
	    "code_area": 475,
	    "value_area": "Commune Colobane"
	  },
	  {
	  	"code_ief": 45,
	    "code_area": 476,
	    "value_area": "Commune Ndiene Lagane"
	  },
	  {
	  	"code_ief": 45,
	    "code_area": 477,
	    "value_area": "Commune Ouadiour"
	  },
	  {
	  	"code_ief": 45,
	    "code_area": 478,
	    "value_area": "Commune Patar Lia"
	  },
	  {
	  	"code_ief": 50,
	    "code_area": 479,
	    "value_area": "Commune Dabo"
	  },
	  {
	  	"code_ief": 50,
	    "code_area": 480,
	    "value_area": "Commune Kolda"
	  },
	  {
	  	"code_ief": 50,
	    "code_area": 481,
	    "value_area": "Commune Salikegne"
	  },
	  {
	  	"code_ief": 50,
	    "code_area": 482,
	    "value_area": "Commune Sare Yoba Diega"
	  },
	  {
	  	"code_ief": 50,
	    "code_area": 483,
	    "value_area": "Commune Dioulacolon"
	  },
	  {
	  	"code_ief": 50,
	    "code_area": 484,
	    "value_area": "Commune Medina Elhadji"
	  },
	  {
	  	"code_ief": 50,
	    "code_area": 485,
	    "value_area": "Commune Tonkonto Escale"
	  },
	  {
	  	"code_ief": 50,
	    "code_area": 486,
	    "value_area": "Commune Guiro Yero Bocar"
	  },
	  {
	  	"code_ief": 50,
	    "code_area": 487,
	    "value_area": "Commune Bagadadji"
	  },
	  {
	  	"code_ief": 50,
	    "code_area": 488,
	    "value_area": "Commune Dialambere"
	  },
	  {
	  	"code_ief": 50,
	    "code_area": 489,
	    "value_area": "Commune Coumbacara"
	  },
	  {
	  	"code_ief": 50,
	    "code_area": 490,
	    "value_area": "Commune Mampatim"
	  },
	  {
	  	"code_ief": 50,
	    "code_area": 491,
	    "value_area": "Commune Medina Cherif"
	  },
	  {
	  	"code_ief": 50,
	    "code_area": 492,
	    "value_area": "Commune Sare Badji"
	  },
	  {
	    "code_area": 493,
	    "value_area": "Commune Thietty"
	  },
	  {
	  	"code_ief": 49,
	    "code_area": 494,
	    "value_area": "Commune Medina Yoro Foulah"
	  },
	  {
	  	"code_ief": 49,
	    "code_area": 495,
	    "value_area": "Commune Pata"
	  },
	  {
	  	"code_ief": 49,
	    "code_area": 496,
	    "value_area": "Commune Fafacourou"
	  },
	  {
	  	"code_ief": 49,
	    "code_area": 497,
	    "value_area": "Commune Badion"
	  },
	  {
	  	"code_ief": 49,
	    "code_area": 498,
	    "value_area": "Commune Ndorna"
	  },
	  {
	  	"code_ief": 49,
	    "code_area": 499,
	    "value_area": "Commune Bignarabe"
	  },
	  {
	  	"code_ief": 49,
	    "code_area": 500,
	    "value_area": "Commune Bouroucou"
	  },
	  {
	  	"code_ief": 49,
	    "code_area": 501,
	    "value_area": "Commune Koulinto"
	  },
	  {
	  	"code_ief": 49,
	    "code_area": 502,
	    "value_area": "Commune Kerewane"
	  },
	  {
	  	"code_ief": 49,
	    "code_area": 503,
	    "value_area": "Commune Niaming"
	  },
	  {
	  	"code_ief": 48,
	    "code_area": 504,
	    "value_area": "Commune Velingara"
	  },
	  {
	  	"code_ief": 48,
	    "code_area": 505,
	    "value_area": "Commune Diaobe Kabendou"
	  },
	  {
	  	"code_ief": 48,
	    "code_area": 506,
	    "value_area": "Commune Kounkane"
	  },
	  {
	  	"code_ief": 48,
	    "code_area": 507,
	    "value_area": "Commune Bonconto"
	  },
	  {
	  	"code_ief": 48,
	    "code_area": 508,
	    "value_area": "Commune Linkering"
	  },
	  {
	  	"code_ief": 48,
	    "code_area": 509,
	    "value_area": "Commune Sinthiang Koundara"
	  },
	  {
	  	"code_ief": 48,
	    "code_area": 510,
	    "value_area": "Commune Madina Gounasse"
	  },
	  {
	  	"code_ief": 48,
	    "code_area": 511,
	    "value_area": "Commune Ouassadou"
	  },
	  {
	  	"code_ief": 48,
	    "code_area": 512,
	    "value_area": "Commune Paroumba"
	  },
	  {
	  	"code_ief": 48,
	    "code_area": 513,
	    "value_area": "Commune Pakour"
	  },
	  {
	  	"code_ief": 48,
	    "code_area": 514,
	    "value_area": "Commune Kandia"
	  },
	  {	
	  	"code_ief": 48,
	    "code_area": 515,
	    "value_area": "Commune Kandiaye"
	  },
	  {
	  	"code_ief": 48,
	    "code_area": 516,
	    "value_area": "Commune Sare Coly Salle"
	  },
	  {
	  	"code_ief": 48,
	    "code_area": 517,
	    "value_area": "Commune Nemataba"
	  },
	  {
	  	"code_ief": 71,
	    "code_area": 518,
	    "value_area": "Commune Kanel"
	  },
	  {
	  	"code_ief": 71,
	    "code_area": 519,
	    "value_area": "Commune Semme"
	  },
	  {
	  	"code_ief": 71,
	    "code_area": 520,
	    "value_area": "Commune Waounde"
	  },
	  {
	  	"code_ief": 71,
	    "code_area": 521,
	    "value_area": "Commune Dembancane"
	  },
	  {
	  	"code_ief": 71,
	    "code_area": 522,
	    "value_area": "Commune Hamady Ounare"
	  },
	  {
	  	"code_ief": 71,
	    "code_area": 523,
	    "value_area": "Commune Sinthiou Bamambe Banadji"
	  },
	  {
	  	"code_ief": 71,
	    "code_area": 524,
	    "value_area": "Commune Odobere"
	  },
	  {
	  	"code_ief": 71,
	    "code_area": 525,
	    "value_area": "Commune Bokiladji"
	  },
	  {
	  	"code_ief": 71,
	    "code_area": 526,
	    "value_area": "Commune Orkadiere"
	  },
	  {
	  	"code_ief": 71,
	    "code_area": 527,
	    "value_area": "Commune Aoure"
	  },
	  {
	  	"code_ief": 71,
	    "code_area": 528,
	    "value_area": "Commune Ndendory"
	  },
	  {
	  	"code_ief": 71,
	    "code_area": 529,
	    "value_area": "Commune Ouro Sidy"
	  },
	  {
	  	"code_ief": 78,
	    "code_area": 530,
	    "value_area": "Commune Matam"
	  },
	  {
	  	"code_ief": 78,
	    "code_area": 531,
	    "value_area": "Commune Ourossogui"
	  },
	  {
	  	"code_ief": 78,
	    "code_area": 532,
	    "value_area": "Commune Thilogne"
	  },
	  {
	    "code_area": 533,
	    "value_area": "Commune Nguidilogne"
	  },
	  {
	  	"code_ief": 78,
	    "code_area": 534,
	    "value_area": "Commune Agnam Civol"
	  },
	  {
	  	"code_ief": 78,
	    "code_area": 535,
	    "value_area": "Commune Orefonde"
	  },
	  {
	  	"code_ief": 78,
	    "code_area": 536,
	    "value_area": "Commune Dabia"
	  },
	  {
	  	"code_ief": 78,
	    "code_area": 537,
	    "value_area": "Commune Bokidiawe"
	  },
	  {
	  	"code_ief": 78,
	    "code_area": 538,
	    "value_area": "Commune Nabadji Civol"
	  },
	  {
	  	"code_ief": 78,
	    "code_area": 539,
	    "value_area": "Commune Ogo"
	  },
	  {
	  	"code_ief": 72,
	    "code_area": 540,
	    "value_area": "Commune Ranerou"
	  },
	  {
	  	"code_ief": 78,
	    "code_area": 541,
	    "value_area": "Commune Lougre Thioli"
	  },
	  {
	  	"code_ief": 72,
	    "code_area": 542,
	    "value_area": "Commune Oudalaye"
	  },
	  {
	  	"code_ief": 73,
	    "code_area": 543,
	    "value_area": "Commune Birkelane"
	  },
	  {
	  	"code_ief": 73,
	    "code_area": 544,
	    "value_area": "Commune Keur Mbouki"
	  },
	  {
	  	"code_ief": 73,
	    "code_area": 545,
	    "value_area": "Commune Touba Mbella"
	  },
	  {
	  	"code_ief": 73,
	    "code_area": 546,
	    "value_area": "Commune Diamal"
	  },
	  {
	  	"code_ief": 73,
	    "code_area": 547,
	    "value_area": "Commune Mabo"
	  },
	  {
	  	"code_ief": 73,
	    "code_area": 548,
	    "value_area": "Commune Ndiognick"
	  },
	  {
	  	"code_ief": 73,
	    "code_area": 549,
	    "value_area": "Commune Mbeuleup"
	  },
	  {
	  	"code_ief": 73,
	    "code_area": 550,
	    "value_area": "Commune Segre gatta"
	  },
	  {
	  	"code_ief": 74,
	    "code_area": 551,
	    "value_area": "Commune Kaffrine"
	  },
	  {
	  	"code_ief": 74,
	    "code_area": 552,
	    "value_area": "Commune Nganda"
	  },
	  {
	  	"code_ief": 74,
	    "code_area": 553,
	    "value_area": "Commune Boulel"
	  },
	  {
	  	"code_ief": 74,
	    "code_area": 554,
	    "value_area": "Commune Gniby"
	  },
	  {
	  	"code_ief": 74,
	    "code_area": 555,
	    "value_area": "Commune Kahi"
	  },
	  {
	  	"code_ief": 74,
	    "code_area": 556,
	    "value_area": "Commune Diokoul Mbelbouck"
	  },
	  {
	  	"code_ief": 74,
	    "code_area": 557,
	    "value_area": "Commune Kathiote"
	  },
	  {
	  	"code_ief": 74,
	    "code_area": 558,
	    "value_area": "Commune Medinatoul Salam 2"
	  },
	  {
	  	"code_ief": 74,
	    "code_area": 559,
	    "value_area": "Commune Diamagadio"
	  },
	  {
	  	"code_ief": 75,
	    "code_area": 560,
	    "value_area": "Commune Koungheul"
	  },
	  {
	    "code_area": 561,
	    "value_area": "Commune Saly Escale"
	  },
	  {
	  	"code_ief": 75,
	    "code_area": 562,
	    "value_area": "Commune Fass Thiekene"
	  },
	  {
	  	"code_ief": 75,
	    "code_area": 563,
	    "value_area": "Commune Ida Mouride"
	  },
	  {
	  	"code_ief": 75,
	    "code_area": 564,
	    "value_area": "Commune Lour Escale"
	  },
	  {
	  	"code_ief": 75,
	    "code_area": 565,
	    "value_area": "Commune Ribot Escale"
	  },
	  {
	  	"code_ief": 75,
	    "code_area": 566,
	    "value_area": "Commune Gainthe Pathe"
	  },
	  {
	  	"code_ief": 75,
	    "code_area": 567,
	    "value_area": "Commune Maka Yop"
	  },
	  {
	  	"code_ief": 75,
	    "code_area": 568,
	    "value_area": "Commune Missirah Wadene"
	  },
	  {
	  	"code_ief": 76,
	    "code_area": 569,
	    "value_area": "Commune Malem Hoddar"
	  },
	  {
	  	"code_ief": 76,
	    "code_area": 570,
	    "value_area": "Commune Darou Minam 2"
	  },
	  {
	  	"code_ief": 76,
	    "code_area": 571,
	    "value_area": "Commune Ndioum Ngainth"
	  },
	  {
	  	"code_ief": 76,
	    "code_area": 572,
	    "value_area": "Commune Ndiobene samba lamo"
	  },
	  {
	  	"code_ief": 76,
	    "code_area": 573,
	    "value_area": "Commune Dianke Souf"
	  },
	  {
	  	"code_ief": 76,
	    "code_area": 574,
	    "value_area": "Commune Sagna"
	  },
	  {
	  	"code_ief": 60,
	    "code_area": 575,
	    "value_area": "Commune Kedougou"
	  },
	  {
	  	"code_ief": 60,
	    "code_area": 576,
	    "value_area": "Commune Bandafassi"
	  },
	  {	
	  	"code_ief": 60,
	    "code_area": 577,
	    "value_area": "Commune Tomboronkoto"
	  },
	  {
	  	"code_ief": 60,
	    "code_area": 578,
	    "value_area": "Commune Dindifelo"
	  },
	  {
	  	"code_ief": 60,
	    "code_area": 579,
	    "value_area": "Commune Ninefecha"
	  },
	  {
	  	"code_ief": 60,
	    "code_area": 580,
	    "value_area": "Commune Dimboli"
	  },
	  {
	  	"code_ief": 60,
	    "code_area": 581,
	    "value_area": "Commune Fongolimbi"
	  },
	  {
	  	"code_ief": 59,
	    "code_area": 582,
	    "value_area": "Commune Salemata"
	  },
	  {
	  	"code_ief": 59,
	    "code_area": 583,
	    "value_area": "Commune Dakateli"
	  },
	  {
	  	"code_ief": 59,
	    "code_area": 584,
	    "value_area": "Commune Kavoye"
	  },
	  {
	  	"code_ief": 59,
	    "code_area": 585,
	    "value_area": "Commune Dar Salam"
	  },
	  {
	  	"code_ief": 59,
	    "code_area": 586,
	    "value_area": "Commune Ethiolo"
	  },
	  {
	  	"code_ief": 59,
	    "code_area": 587,
	    "value_area": "Commune Oubadji"
	  },
	  {
	  	"code_ief": 58,
	    "code_area": 588,
	    "value_area": "Commune Saraya"
	  },
	  {
	  	"code_ief": 58,
	    "code_area": 589,
	    "value_area": "Commune Medina Baffe"
	  },
	  {
	  	"code_ief": 58,
	    "code_area": 590,
	    "value_area": "Commune Bembou"
	  },
	  {
	  	"code_ief": 58,
	    "code_area": 591,
	    "value_area": "Commune Khossanto"
	  },
	  {
	  	"code_ief": 58,
	    "code_area": 592,
	    "value_area": "Commune Missirah Sirimana"
	  },
	  {
	  	"code_ief": 58,
	    "code_area": 593,
	    "value_area": "Commune Sabodola"
	  },
	  {
	  	"code_ief": 41,
	    "code_area": 594,
	    "value_area": "Commune Bounkiling"
	  },
	  {
	  	"code_ief": 41,
	    "code_area": 595,
	    "value_area": "Commune Medina Wandifa"
	  },
	  {
	  	"code_ief": 41,
	    "code_area": 596,
	    "value_area": "Commune Ndiamacouta"
	  },
	  {
	  	"code_ief": 41,
	    "code_area": 597,
	    "value_area": "Commune Boghal"
	  },
	  {	
	  	"code_ief": 41,
	    "code_area": 598,
	    "value_area": "Commune Tankon"
	  },
	  {
	  	"code_ief": 41,
	    "code_area": 599,
	    "value_area": "Commune Djinany"
	  },
	  {
	  	"code_ief": 41,
	    "code_area": 600,
	    "value_area": "Commune Ndiamalathiel"
	  },
	  {
	  	"code_ief": 41,
	    "code_area": 601,
	    "value_area": "Commune BONA"
	  },
	  {
	  	"code_ief": 41,
	    "code_area": 602,
	    "value_area": "Commune Diacounda"
	  },
	  {
	  	"code_ief": 41,
	    "code_area": 603,
	    "value_area": "Commune Inor"
	  },
	  {
	  	"code_ief": 41,
	    "code_area": 604,
	    "value_area": "Commune Kandion Mangana"
	  },
	  {
	  	"code_ief": 41,
	    "code_area": 605,
	    "value_area": "Commune Diaroume"
	  },
	  {
	  	"code_ief": 41,
	    "code_area": 606,
	    "value_area": "Commune Diambaty"
	  },
	  {
	  	"code_ief": 41,
	    "code_area": 607,
	    "value_area": "Commune Faoune"
	  },
	  {
	  	"code_ief": 43,
	    "code_area": 608,
	    "value_area": "Commune Goudomp"
	  },
	  {
	  	"code_ief": 43,
	    "code_area": 609,
	    "value_area": "Commune Diattacounda"
	  },
	  {
	  	"code_ief": 43,
	    "code_area": 610,
	    "value_area": "Commune Samine"
	  },
	  {
	  	"code_ief": 43,
	    "code_area": 611,
	    "value_area": "Commune Tanaff"
	  },
	  {
	  	"code_ief": 43,
	    "code_area": 612,
	    "value_area": "Commune Djibanar"
	  },
	  {
	  	"code_ief": 43,
	    "code_area": 613,
	    "value_area": "Commune Kaour"
	  },
	  {
	  	"code_ief": 43,
	    "code_area": 614,
	    "value_area": "Commune Mangaroungou Santo"
	  },
	  {
	  	"code_ief": 43,
	    "code_area": 615,
	    "value_area": "Commune Simbandi Balante"
	  },
	  {
	  	"code_ief": 43,
	    "code_area": 616,
	    "value_area": "Commune Yarang Balante"
	  },
	  {
	  	"code_ief": 43,
	    "code_area": 617,
	    "value_area": "Commune Karantaba"
	  },
	  {
	  	"code_ief": 43,
	    "code_area": 618,
	    "value_area": "Commune Kolibantang"
	  },
	  {
	  	"code_ief": 43,
	    "code_area": 619,
	    "value_area": "Commune Niagha"
	  },
	  {
	  	"code_ief": 43,
	    "code_area": 620,
	    "value_area": "Commune Simbandi Brassou"
	  },
	  {
	  	"code_ief": 43,
	    "code_area": 621,
	    "value_area": "Commune Baghere"
	  },
	  {
	  	"code_ief": 42,
	    "code_area": 622,
	    "value_area": "Commune Diouboudou"
	  },
	  {
	  	"code_ief": 42,
	    "code_area": 623,
	    "value_area": "Commune Sedhiou"
	  },
	  {
	  	"code_ief": 42,
	    "code_area": 624,
	    "value_area": "Commune Marsassoum"
	  },
	  {
	  	"code_ief": 42,
	    "code_area": 625,
	    "value_area": "Commune Dianah Malary"
	  },
	  {
	  	"code_ief": 42,
	    "code_area": 626,
	    "value_area": "Commune Diende"
	  },
	  {
	  	"code_ief": 42,
	    "code_area": 627,
	    "value_area": "Commune Sakar"
	  },
	  {
	  	"code_ief": 42,
	    "code_area": 628,
	    "value_area": "Commune Diannah Ba"
	  },
	  {
	  	"code_ief": 42,
	    "code_area": 629,
	    "value_area": "Commune Koussy"
	  },
	  {
	  	"code_ief": 42,
	    "code_area": 630,
	    "value_area": "Commune Oudougar"
	  },
	  {	
	  	"code_ief": 42,
	    "code_area": 631,
	    "value_area": "Commune Sama Kanta Peul"
	  },
	  {
	  	"code_ief": 42,
	    "code_area": 632,
	    "value_area": "Commune Benet Bijini"
	  },
	  {
	    "code_area": 633,
	    "value_area": "Commune Sansamba"
	  },
	  {
	  	"code_ief": 42,
	    "code_area": 634,
	    "value_area": "Commune Djibabouya"
	  },
	  {
	  	"code_ief": 42,
	    "code_area": 635,
	    "value_area": "Commune Bambali"
	  },
	  {
	  	"code_ief": 42,
	    "code_area": 636,
	    "value_area": "Commune Djiredji"
	  }
	]
}